record,group,age,hours,wear_hours,up_angle_deg,mova-legado_alarms,mova-legado_per_day,kangas-faithful_alarms,kangas-faithful_per_day,kangas-guardian_alarms,kangas-guardian_per_day,bourke3_alarms,bourke3_per_day,pipto-streaming_alarms,pipto-streaming_per_day
CO001,CO,75.17,47.62,42.62,42,77,43.36,60,33.79,9,5.07,21,11.83,31,17.46
CO002,CO,82.92,75.00,63.50,6.6,41,15.50,15,5.67,8,3.02,4,1.51,25,9.45
CO010,CO,81.77,75.00,60.25,24.3,27,10.76,39,15.54,3,1.20,12,4.78,26,10.36
CO012,CO,81.09,75.00,70.00,5.5,69,23.66,18,6.17,11,3.77,3,1.03,37,12.69
CO013,CO,76.22,75.00,53.00,1.3,19,8.60,16,7.25,3,1.36,1,0.45,14,6.34
CO017,CO,75.88,75.00,51.50,16.3,24,11.18,14,6.52,7,3.26,8,3.73,19,8.85
CO018,CO,84.41,70.64,51.15,6.6,16,7.51,8,3.75,4,1.88,5,2.35,16,7.51
CO020,CO,78.49,75.00,55.75,14.3,13,5.60,18,7.75,7,3.01,5,2.15,12,5.17
CO022,CO,66.09,71.81,40.57,9.2,13,7.69,19,11.24,2,1.18,3,1.77,14,8.28
CO023,CO,70.8,74.01,51.27,8.3,29,13.58,15,7.02,6,2.81,6,2.81,21,9.83
CO024,CO,,73.59,30.10,9,5,3.99,9,7.18,6,4.78,1,0.80,8,6.38
CO029,CO,76.64,75.00,52.75,25,8,3.64,15,6.82,7,3.18,6,2.73,15,6.82
CO032,CO,81.94,68.47,36.48,17.4,17,11.18,20,13.16,3,1.97,3,1.97,12,7.89
CO035,CO,77.03,73.37,42.38,5,35,19.82,29,16.42,7,3.96,4,2.27,31,17.55
CO036,CO,80.44,72.89,26.40,12.4,30,27.27,46,41.82,43,39.09,9,8.18,25,22.73
CO037,CO,77.51,71.42,29.93,11.5,21,16.84,11,8.82,5,4.01,6,4.81,10,8.02
CO038,CO,82.57,67.19,26.45,11.1,35,31.76,131,118.87,117,106.16,17,15.43,69,62.61
CO039,CO,80.48,73.25,38.75,7.4,86,53.26,129,79.90,130,80.52,43,26.63,190,117.68
CO040,CO,77.12,74.76,46.27,76.4,38,19.71,78,40.46,14,7.26,8,4.15,30,15.56
CO041,CO,82.19,75.00,50.25,27.8,16,7.64,32,15.28,5,2.39,9,4.30,22,10.51
CO044,CO,81.51,72.91,36.67,11.3,16,10.47,38,24.87,10,6.55,9,5.89,26,17.02
FL004,FL,81.99,72.01,42.02,22.8,26,14.85,26,14.85,9,5.14,7,4.00,20,11.42
FL005,FL,77.96,67.32,39.08,49,15,9.21,33,20.26,3,1.84,11,6.75,11,6.75
FL006,FL,84.46,75.00,47.00,7.7,12,6.13,19,9.70,3,1.53,2,1.02,7,3.57
FL011,FL,78.24,75.00,42.00,16.1,10,5.71,14,8.00,2,1.14,3,1.71,8,4.57
FL014,FL,80.74,75.00,48.50,7,9,4.45,23,11.38,8,3.96,5,2.47,10,4.95
FL016,FL,72.46,75.00,63.50,36.1,98,37.04,83,31.37,3,1.13,6,2.27,133,50.27
FL020,FL,80.12,75.00,44.50,13.4,21,11.33,8,4.31,6,3.24,4,2.16,19,10.25
FL022,FL,85.11,75.00,68.00,9.4,7,2.47,15,5.29,3,1.06,4,1.41,6,2.12
FL026,FL,73,69.84,22.35,14.4,33,35.44,68,73.02,12,12.89,1,1.07,40,42.95
FL028,FL,79,49.37,22.38,10.5,9,9.65,17,18.23,10,10.72,4,4.29,15,16.08
FL031,FL,65,56.34,35.85,25,33,22.09,56,37.49,1,0.67,9,6.03,31,20.75
FL033,FL,83.27,75.00,50.00,35.8,56,26.88,238,114.24,207,99.36,24,11.52,84,40.32
FL035,FL,83.57,75.00,37.75,9.3,27,17.17,33,20.98,21,13.35,8,5.09,23,14.62
FL036,FL,79.55,72.06,48.57,7.4,17,8.40,26,12.85,4,1.98,1,0.49,10,4.94
